1A0,Katrina Group Ltd.
1A1,Wong Fong Industries Limited
1A4,Agv Group Limited
1A5W,Eindec Corporation  W190822
1B0,Mm2 Asia Ltd.
1B1,Hc Surgical Specialistslimited
1B5W,Charisma Energyservicesw211128
1B6,Ocean Sky International Ltd
1C0,Cedar Strategic Holdings Ltd
1C3,Samurai 2k Aerosol Limited
1C4W,Abundance Internationalw210130
1C5,Pacific Star Development Ltd
1C9W,Asiaphos Limited W200323
1D0,Kimly Limited
1D1,Unusual Limited
1D3,Lifebrandz Ltd.
1D4,Aoxin Q & M Dental Grp Limited
1D5,Capital World Limited.
1D8,Singapore O&g Ltd.
1E0W,3cnergy Limited W200528
1E3,Sanli Environmental Limited
1E6,World Class Global Limited
1E7W,Viking Offshore And Ma W220701
1F0,Shopper360 Limited
1F1,Y Ventures Group Ltd.
1F2,Union Gas Holdings Limited
1F3,Aspen (group) Holdings Limited
1F4,Vashion Group Ltd.
1F9W,Koh Brothers Eco Engg W211112
1G1,Re&s Holdings Limited
1G5W,Cwx Global Limited W221213
1G6,No Signboard Holdings Ltd.
1G7W,Amplefield Limited W221218
1H2,Olive Tree Estates Limited
1H3,Clearbridge Health Limited
1H4,Memories Group Limited
1H7W,Asia-pacific Strategic W230130
1H8,Ly Corporation Limited
1I2W,Jubilee Ind Hldgs Ltd.w200301
1I3W,Vashion Group Ltd. W210311
1I5,Ayondo Ltd.
1J0,Slb Development Ltd.
1J1W,Pine Capital Group W230506
1J3,Asian Healthcare Specialists
1J4,Jep Holdings Ltd.
1J5,Hyphens Pharma Intl Limited
1J6W,Jep Holdings Ltd.w191220
1J7,Jawala Inc.
3UJS,Ny09100h 240901
40B,Smj International Holdingsltd.
40D,Starburst Holdings Limited
40E,Spackman Entertainment Grp Ltd
40F,Alliance Mineral Assetslimited
40N,Versalink Holdings Limited
40R,Serrano Limited
40S,Perennial Real Estate Hldgsltd
40T,Isec Healthcare Ltd.
40U,Ms Holdings Limited
40V,Singapore Edevelopment Ltd
40W,Zico Holdings Inc.
41A,Ug Healthcare Corporation Ltd
41B,Huationg Global Limited
41F,Gss Energy Limited
41H,Blackgold Natural Resourcesltd
41O,Lhn Limited
41S,Magnus Energy Group Ltd.
41T,Gccp Resources Limited
42C,Ix Biopharma Ltd.
42D,Nauticawt Limited
42E,Choo Chiang Holdings Ltd.
42F,Cmc Infocomm Limited
42G,Soo Kee Group Ltd.
42L,Tlv Holdings Limited
42N,Ips Securex Holdings Limited
42O,Ems Energy Limited
42QW,Asia-pacific Strategic W201119
42R,Jumbo Group Limited
42S,Astaka Holdings Limited
42T,The Trendlines Group Ltd.
42U,Axcelasia Inc.
42W,China Star Food Group Limited
42Z,Eindec Corporation Limited
43A,Gs Holdings Limited
43B,Secura Group Limited
43E,Anchor Resources Limited
43F,Acromec Limited
43MW,Starburst Holdings Ltd W210614
43P,United Global Limited
43Q,Advancer Global Limited
500,Tai Sin Electric Limited
502,Hsr Global Limited
504,Klw Holdings Ltd
505,Asiamedic Limited
508,Fuji Offset Plates Mfg Ltd
510,Hiap Seng Engineering Ltd
528,Second Chance Properties Ltd
52AW,Ocbc Bk Mb Epw190708
52VW,Hsi 29600 Mbecw190730
532,DISA
533,Abr Holdings Limited
539,Cph Ltd
540,Tung Lok Restaurants 2000 Ltd
541,Craft Print International Ltd
543,Noel Gifts International Ltd
544,Cse Global Ltd
546,Medtecs International Corp Ltd
554,King Wan Corporation Limited
557,Viking Offshore And Marine Ltd
558,Ums Holdings Limited
561,Teckwah Industrial Corp Ltd
564,Spindex Industries Limited
566,See Hup Seng Limited
567,Colex Holdings Limited
569,Vicplas International Ltd
570,Transit-mixed Concrete Ltd
571,International Press Softcom
573,Challenger Technologies Ltd
575,Asti Holdings Limited
578,Ks Energy Limited
579,Oceanus Group Limited
580,Santak Holdings Limited
581,Ite Electric Co Ltd
583,Progen Holdings Ltd
584,Oakwell Engineering Limited
585,Asian Micro Holdings Ltd
586,Tmc Education Corporation Ltd
588,Health Management Intl Ltd
58CW,Tencenthld Mb Ecw190926
594,Loyz Energy Limited
595,Van Der Horst Energy Limited
596,Thai Village Holdings Ltd
5A1B,Astrea V3.85%b290620#
5AB,Trek 2000 Int'l Ltd
5AE,Pollux Properties Ltd.
5AI,Sunlight Group Hldg Ltd
5AL,Annica Holdings Limited
5AM,Asiatravel.com Holdings Ltd
5AU,Ap Oil International Limited
5BI,Carriernet Global Ltd
5BS,Pne Micron Holdings Ltd
5CF,Okp Holdings Limited
5CJ,Chinese Global Investors Group Ltd
5CN,Sinwa Limited
5CP,Silverlake Axis Ltd
5CQ,Technics Oil & Gas Limited
5CR,Asiatic Group (holdings) Ltd
5CT,Ecowise Holdings Limited
5DD,Micro-mechanics (holdings) Ltd
5DL,Koon Holdings Limited
5DM,Ying Li Intl Real Estate Ltd
5DN,Ezra Holdings Limited
5DO,Sakae Holdings Ltd.
5DP,Heeton Holdings Limited
5DS,Megachem Limited
5DW,Renewable Energy Asia Grp Ltd
5DX,Metal Component Engg Ltd
5EB,Cfm Holdings Limited
5EC,ISR Capital
5EF,Adventus Holdings Limited
5EG,New Lakeside Holdings Limited
5EK,Armarda Group Limited
5EL,Lasseters Intl Holdings Ltd
5EN,Midas Hldgs Limited
5ET,Asiasons Capital Limited
5EV,Hosen Group Ltd
5EW,Pan Asian Holdings Limited
5F4,Figtree Holdings Limited
5F7,Hartawan Hldgs Ltd
5FH,Advance Sct Limited
5FL,Falcon Energy Group Limited
5FW,Linair Technologies Limited
5FX,New Wave Holdings Ltd.
5G1,Eurosports Global Limited
5G2,Kimheng Offshore&marine Hldltd
5G3,Talkmed Group Limited
5G4,Infinio Group Limited
5G9,Tritech Group Limited
5GC,Cna Group Ltd.
5GD,Sunpower Group Ltd.
5GF,Nico Steel Holdings Limited
5GI,Interra Resources Limited
5GJ,Ausgroup Limited
5GZ,Aa Group Holdings Ltd.
5H0,Singhaiyi Group Ltd.
5HC,Ntegrator International Ltd
5HG,Oniontech Limited
5HH,Hln Technologies Limited
5HT,Communication Design Intl Ltd
5HV,Metax Engineering Corp Limited
5I0,Qt Vascular Ltd.
5I1,Kop Limited
5I4,Icp Ltd
5IC,Sing Holdings Limited
5IE,Lorenzo International Limited
5IF,Natural Cool Holdings Limited
5IG,Gallant Venture Ltd.
5JK,Hiap Hoe Limited
5JS,Indofood Agri Resources Ltd.
5KI,Soup Restaurant Group Limited
5KT,Fujian Zhenyun Plas Ind Co Ltd
5LE,Sitra Holdings (intl) Limited
5LY,Marco Polo Marine Ltd.
5MD,Soon Lian Holdings Limited
5ME,Ezion Holdings Limited
5ML,Old Chang Kee Ltd.
5MM,Sky One Holdings Limited
5MQ,Epicentre Holdings Limited
5MS,Memstar Technology Ltd.
5MZ,Kingsmen Creatives Ltd
5NF,Mencast Holdings Ltd.
5NG,Healthway Medical Corp Ltd
5NK,Artivision Technologies Ltd.
5NV,Chasen Holdings Limited
5OC,Koyo International Limited
5OI,Japan Foods Holding Ltd.
5OQ,Teho International Inc Ltd.
5OR,Heatec Jietong Holdings Ltd.
5OS,Jlj Holdings Limited
5OT,Singapore Medical Group Ltd
5OU,China Environment Ltd.
5OX,Mary Chia Holdings Limited
5PC,Goodland Group Limited
5PD,Hengyang Petrochem Log Limited
5PF,Jason Marine Group Limited
5PI,Plato Capital Limited
5PL,Sbi Offshore Limited
5PO,Hiap Tong Corporation Ltd.
5QR,Mann Seng Metal Intl Limited
5QT,Charisma Energy
5QY,Net Pacific Fin Hldgs Ltd
5RA,Asia-pacific Strategic Inv Ltd
5RC,Es Group (holdings) Limited
5RE,Smartflex Holdings Ltd
5RF,Friven & Co. Ltd.
5RJ,We Holdings Ltd.
5SO,Duty Free Internationallimited
5SR,Zhongmin Baihui Retail Grp Ltd
5SY,Chew's Group Limited
5TG,800 Super Holdings Limited
5TI,Kitchen Culture Holdings Ltd.
5TJ,Far East Group Limited
5TN,Iev Holdings Limited
5TP,Cnmc Goldmine Holdings Limited
5TR,Libra Group Limited
5TS,Jk Tech Holdings Limited
5TT,Keong Hong Holdings Limited
5TW,Chaswood Resources Hldgs Ltd.
5TY,Advanced Systems Automation
5UA,Starland Holdings Limited
5UF,Maxi-cash Fin Svcs Corp Ltd
5UJ,Neo Group Limited
5UL,Atlantic Navigation Hldg(s)ltd
5UN,Sincap Group Limited
5UO,Sysma Holdings Limited
5UX,Oxley Holdings Limited
5VC,Kori Holdings Limited
5VI,Logistics Holdings Limited
5VJ,Halcyon Agri Corporation Ltd
5VP,Gds Global Limited
5VS,Hafary Holdings Limited
5WA,Intl Healthway Corp Limited
5WD,Ps Group Holdings Ltd.
5WE,Moya Holdings Asia Limited
5WF,Isoteam Ltd.
5WG,Singapore Kitchen Equipmentltd
5WH,Rex International Holding Ltd
5WJ,Moneymax Financial Servicesltd
5WV,Asiaphos Limited
5XKW,Simsci 380 Mbl Ecw190628
600,Hyflux Ltd
6HZW,Hsi31200mbecw191230
6SUS,Ny05100n 200901
7PMS,Ny07100x 220901
7QQS,Nz07100s 270301
8I9W,Arion Entertainment Sinw200505
8YY,Biolidics Limited
9EHW,Hsi27600mbecw190829
9HSW,Dlc Socgen7xlonghsc 210723
9K9W,Dbs Mb Ecw200102
9KRW,Hsi 27600 Mb Epw190730
9SDW,Singtel Mb Ecw191101
9WBW,Hsi29200mbecw190829
A04,Asl Marine Holdings Ltd
A05,Avjennings Limited
A13,Allied Technologies Limited
A17U,Ascendas Real Estate Inv Trust
A26,Sinarmas Land Limited
A27,Mdr Limited
A30,Aspial Corporation Limited
A31,Addvalue Technologies Ltd
A33,Blumont Group Ltd.
A34,Amara Holdings Ltd
A35,Abf Spore Bond Index Fund Etf
A50,Rowsley Ltd.
A52,Annaik Limited
A55,Asia Enterprises Holding Ltd
A68U,Ascott Residence Trust
A75,Ace Achieve Infocom Limited
A78,Liongold Corp Ltd
A7RU,Cityspring Infrastruct Trust
A7S,Sunvic Chemical Holdings Ltd
AAJ,Sunmoon Food Company Limited
ACV,Frasers Hospitality Trust
AD8,Sino Techfibre Limited
ADJ,Ols Enterprise Ltd.
ADN,First Sponsor Group Limited
ADP,Swissco Holdings Limited
ADQU,Accordia Golf Trust
AFC,Yuuzoo Corporation
AFUS,Nx15100z 250601
AFVS,N515100s 200701
AGS,The Hour Glass Limited
AIY,Ifast Corporation Ltd.
AJ2,Ouhua Energy Holdings Limited
AJBU,Keppel Dc Reit
AJHW,Shs Holdings W191216
AOF,Amplefield Limited
AP4,Riverstone Holdings Limited
AU8U,Capitaretail China Trust
AUE,United Fiber System Limited
AVM,Boustead Projects Limited
AVV,Cei Contract Manufacturing Ltd
AVX,Hl Global Enterprises Limited
AW9U,First Real Estate Inv Trust
AWC,Lindeteves-jacoberg Ltd
AWE,Sp Corporation Limited
AWG,Aei Corporation Ltd
AWI,Thakral Corporation Ltd
AWK,Fuxing China Group Limited
AWM,Shanghai Turbo Enterprises Ltd
AWO,Mirach Energy Limited
AWS,Global Yellow Pages Limited
AWV,Captii Limited
AWX,Aem Holdings Ltd
AWZ,Multi-chem Limited
AXB,Yongnam Holdings Limited
AXXZ,Fcl Trea S$500m3.65%b220522
AYB,Lafe Corporation Limited
AYD,Plastoform Holdings Limited
AYL,Star Pharmaceutical Limited
AYN,Global Testing Corporation Ltd
AYV,Acma Ltd.
AZA,Ipc Corporation Limited
AZG,8telecom Intl Holdings Co Ltd
AZR,United Food Holdings Limited
AZT,Lottvision Limited
AZW,China Taisan Tech Grp Hldgsltd
AZY,Pan Ocean Co., Ltd.
AZZ,China Gaoxian Fibrefab Hldgltd
B07,Next-gen Satellite Comm Ltd
B0I,Foreland Fabrictech Hlds Ltd
B0Z,China Fishery Group Limited
B10,Boardroom Limited
B16,Guocoleisure Limited
B26,Ban Leong Technologies Limited
B28,Bonvests Holdings Ltd
B49,World Precision Machinery Ltd
B58,Banyan Tree Holdings Limited
B61,Bukit Sembawang Estates Ltd
B66,Pt Berlian Laju Tanker Tbk
B69,Broadway Industrial Group Ltd
B73,Global Investments Limited
B7K,Sin Ghee Huat Corporation Ltd.
B9S,Cosmosteel Holdings Limited
BAC,Jacks International Limited
BAI,S I2i Limited
BAZ,Lion Asiapac Ltd
BBP,Hor Kew Corporation Limited
BBW,Azeus Systems Holdings Ltd.
BCD,China Yuanbang Prop Hldgs Ltd
BCV,Qian Hu Corporation Limited
BCY,Powermatic Data Systems Ltd
BCZ,Travelite Holdings Ltd.
BDA,Pne Industries Ltd
BDF,Excelpoint Technology Ltd
BDN,Ryobi Kiso Holdings Ltd.
BDR,Willas-array Elec (hldgs) Ltd
BDU,Federal Int(2000) Ltd
BDX,Gsh Corporation Limited
BEC,Brc Asia Limited
BEH,China International Hldgs Ltd
BEI,Lht Holdings Limited
BEV,Swing Media Technology Grp Ltd
BEW,Jb Foods Limited
BEYZ,Aspial Trea S$150m5.25%b200828
BEZ,Beng Kuang Marine Limited
BFI,Tiong Seng Holdings Limited
BFK,Pharmesis International Ltd.
BFT,Fabchem China Limited
BFU,Tye Soon Ltd
BGK,Swiber Holdings Limited
BGO,Universal Resource & Svcs Ltd
BHD,China Mining International Ltd
BHK,Siic Environment Holdings Ltd.
BHO,Top Global Limited
BHQ,Sunningdale Tech Ltd
BHU,Sutl Enterprise Limited
BIP,Vibrant Group Limited
BIX,Ellipsiz Ltd
BJD,Vibropower Corporation Limited
BJFZ,Oxley Mtn S$300m 5% B191105
BJGS,Na16100h 460301
BJHS,Nx16100f 260601
BJIS,Nz16100x 360801
BJJS,N516100z 211001
BJL,Longcheer Holdings Limited
BJV,Yamada Green Resources Limited
BJW,Shinvest Holding Ltd.
BJZ,Koda Ltd
BKA,Sin Heng Heavy Machinery Ltd
BKK,Luxking Group Holdings Limited
BKV,Dukang Distillers Hldgs Ltd
BKW,Datapulse Technology Limited
BKX,Yongmao Holdings Limited
BKY,Avi-tech Electronics Limited
BKZ,Suntar Eco-city Limited
BLA,Union Steel Holdings Limited
BLH,Hai Leck Holdings Limited
BLL,Psl Holdings Ltd
BLR,Darco Water Technologies Ltd
BLS,Hotung Investment Hldgs Ltd
BLU,Grp Ltd
BLW,Global Palm Resources Hlgs Ltd
BLZ,Advanced Holdings Ltd.
BMGU,Bhg Retail Reit
BMH,Hupsteel Ltd
BMNW,Csc Holdings W201229
BMT,New Silkroutes Group Limited
BN2,Valuetronics Holdings Limited
BN4,Keppel Corporation Limited
BNE,Kencana Agri Limited
BOL,Memtech International Ltd
BOU,Informatics Education Ltd.
BPF,Yhi International Limited
BQC,Xpress Holdings Ltd
BQD,Envictus International Hldgltd
BQF,Xmh Holdings Ltd.
BQI,Asia Fashion Holdings Limited
BQM,Tiong Woon Corp Holding Ltd
BQN,Bh Global Corporation Limited
BQO,Delong Holdings Limited
BQP,Southern Packaging Group Ltd
BR9,China Hongxing Sports Limited
BRD,Sapphire Corporation Limited
BRE,Linc Energy Ltd
BRQZ,Aspial Trea S$200m5.3%b200401
BRR,The Stratech Group Limited
BRS,Usp Group Limited
BS6,Yangzijiang Shipbldg Hldgs Ltd
BSHW,Ezion Holdings W200424
BSKZ,Perennial S$280m4.55%n200429
BSL,Raffles Medical Group Ltd
BTE,Bund Center Investment Ltd
BTF,Debao Property Development Ltd
BTG,Hg Metal Manufacturing Ltd
BTJ,A-sonic Aerospace Limited
BTM,Penguin International Limited
BTNZ,Oxley Mtn S$150m 5.15%b200518
BTOU,Manulife Us Reit
BTP,Baker Technology Limited
BTWZ,Hyflux S$500m6%perpcapsec
BTX,Anchun International Hldgs Ltd
BTY,Full Apex (holdings) Limited
BUOU,Frasers Logistics & Ind Trust
BUPW,Soilbuild Construction W210715
BVA,Top Glove Corporation Bhd
BVP,Aims Property Securities Fund
BVQ,Procurri Corporation Limited
BWCU,Ec World Reit
BWM,China Jinjiang Env Hldg Co Ltd
BWQU,Frasers Logistics&ind Trustaud
BXE,Cdw Holding Limited
BXLW,Ramba Energy Limited W190918
BYI,Phillip Sgx Apac Div Reit Etf
BYJ,Phillip Sgx Apacdiv Reit Etfs$
BZKS,N517100f 220401
C04,Casa Holdings Limited
C05,Chemical Industries (f.e.) Ltd
C06,Csc Holdings Ltd
C07,Jardine Cycle & Carriage Ltd
C09,City Developments Limited
C13,Ch Offshore Ltd
c29,Chip Eng Seng Corporation Ltd
C2PU,Parkwaylife Reit
C31,Capitaland Limited
C33,Chuan Hup Holdings Limited
C38U,Capitamall Trust
C41,Cortina Holdings Limited
C50,Cheung Woh Technologies Ltd
C52,Comfortdelgro Corporation Ltd
C61U,Capitacommercial Trust
C6L,Singapore Airlines Ltd
C70,City Developments Ltd Nccps
C71,China Paper Holdings Limited
C76,Creative Technology Ltd
C8R,Jiutian Chemical Group Limited
C92,China Haida Ltd.
C9Q,Sinostar Pec Holdings Limited
CC3,Starhub Ltd
CDVZ,Krisenergy S$139.464mz240131
CDWW,Second Chance Prop W200123
CDXW,Krisenergy Ltd. W240131
CEDU,Dasin Retail Trust
CEE,Citic Envirotech Ltd.
CEGW,Upp Holdings Limited W200212
CFA,Nikkoam-stc Asia_xj Reit Etf
CFN,Onestoxxasean Fund
CGN,Best World International Ltd
CGOW,Ta Corporation Ltd W220520
CGP,Noble Group Limited
CH8,China Sunsine Chem Hldgs Ltd.
CHBW,Duty Free Internationalw220513
CHJ,Uni-asia Group Limited
CHZ,Hrnetgroup Limited
CIN,Courage Marine Group Limited
CIOW,Dlc Socgen5xlongmsg 200714
CIPW,Dlc Socgen5xshorthsc 200714
CIQW,Dlc Socgen5xlonghsc 200714
CIRW,Dlc Socgen3xshorthsc 200714
CISW,Dlc Socgen3xlonghsc 200714
CITW,Dlc Socgen5xshorthsi 200714
CIUW,Dlc Socgen5xlonghsi 200714
CIVW,Dlc Socgen3xshorthsi 200714
CIWW,Dlc Socgen3xlonghsi 200714
CIXW,Dlc Socgen5xshortmsg 200714
CJLU,Netlink Nbn Trust
CJN,British & Malayan Hldg Limited
CLN,Apac Realty Limited
CLR,Lion-phillip S-reit Etf
CMGS,Nx18100a 280501
CMHS,N518100e 230201
CMOU,Keppel-kbs Us Reit
CNE,Mindchamps Preschool Limited
CNNU,Cromwell European Reit
COI,Nikkoam-stc Asia_xj Reit Us$
CPRW,Dlc Socgen7xlonghsi 210114
CPSW,Dlc Socgen7xshorthsi 210114
CPTW,Dlc Socgen7xlonghsc 210114
CPUW,Dlc Socgen7xshorthsc 210114
CPVW,Dlc Socgen7xlongmsg 210114
CPWW,Dlc Socgen7xshortmsg 210114
CQEW,Bm Mobility Ltd. W210213
CQLW,Marco Polo Marine Ltd. W230129
CRJW,F J Benjamin W210405
CRPU,Sasseur Reit
CRWW,Mtq Corporation Limitedw230417
CSEB,Firstsponsors$162m 3.98% Pccs
CSFU,Cromwell European Reit S$
CTMW,Tee Intl Limited W201030
CTN,Breadtalk Group Limited
CTO,Hong Lai Huat Group Limited
CTPW,Aei Corporation Ltd W210527
CUCW,Global Yellow Pages W190625
CUSW,Simsci 330 Mbl Epw190628
CXYW,Hsi 28800 Mb Epw190627
CY6U,Ascendas India Trust
CYW,Tricklestar
CZ4,Dutech Holdings Limited
D01,Dairy Farm Int'l Holdings Ltd
D03,Del Monte Pacific Limited
D05,Dbs Group Holdings Ltd
D07,Spdr Djia Etf Trust
D11,Design Studio Furniture Mfrltd
D2U,Cacola Furniture Intl Limited
D50,China Great Land Holdings Ltd.
D5IU,Lippo Malls Indo Retail Trust
D6U,Dynamic Colours Limited
D79,C&g Env Protect Hldgs Ltd
D8DU,First Ship Lease Trust
DAAW,Dlc Socgen5xshort Aia
DABW,Dlc Socgen5xshort Venture A
DALW,Dlc Sg5xlong Aac
DANW,Dlc Socgen5xlong Tencent
DASW,Dlc Sg5xshort Aac
DBZW,Dlc Socgen5xshort Uob
DCLW,Dlc Sg5xlong Citydev
DCPW,Dlc Socgen5xshort Pingan
DCSW,Dlc Sg5xshort Citydev
DDIW,Dlc Socgen5xshort Singtel
DDJW,Dlc Socgen5xshort Tencent A
DDQW,Dbs Mb Ecw200106
DDVW,Hsi 29800 Ubecw190627
DDWW,Dlc Socgen5xlong Uob
DEKW,Dlc Socgen5xlong Kepcorp
DFFW,Dlc Socgen5xshort Dbs
DFHW,Dlc Socgen5xlong Wilmar
DGAW,Dlc Sg5xlonggeely A
DGOW,Dlc Socgen5xshort Venture
DGRW,Dlc Sg5xlong Sgx
DGSW,Dlc Sg5xshort Sgx
DHYW,Dlc Socgen5xlong Pingan
DJRW,Dlc Socgen5xlong Yzj
DJWW,Dlc Socgen5xshort Ocbc
DKFW,Dlc Socgen5xshort Capland
DKUW,Dlc Socgen5xshort Cnooc
DLAW,Dlc Socgen5xlong Venture
DLQW,Dlc Socgen5xlong Capland
DM0,Psc Corporation Ltd
DMPW,Dlc Socgen5xshort Genting
DMQW,Dlc Socgen5xlong Singtel
DNBW,Dlc Socgen5xlong Cnooc
DNEW,Dlc Socgen5xlong Genting
DNXW,Dlc Socgen5xshort Wilmar
DOXW,Dlc Socgen5xlong Dbs
DPIW,Dlc Socgen5xshort Kepcorp
DPWW,Dlc Socgen5xlong Aia
DQDW,Dlc Socgen5xshort Geely
DQFW,Sti 2700 Mb Epw190930
DQTW,Dlc Socgen5xshort Tencent
DRWW,Dlc Socgen5xlong Geely
DRX,St Group Food
DSAW,Dlc Sg5xlong Sands
DSBW,Dlc Socgen5xlong Tencent A
DSCW,Dlc Socgen5xshort Galaxy
DSIW,Dlc Sg5xlong Sia
DSLW,Dlc Sg5xshort Sia
DSNW,Dlc Sg5xlong Sunny
DSYW,Dlc Socgen5xlong Petchina
DTAW,Dlc Socgen5xshort Petchina
DTNW,Dlc Socgen5xlong Galaxy
DTUW,Nikkei225 23000 Mb Ecw190913
DU4,Mermaid Maritime Public Co Ltd
DUZW,Dlc Socgen5xlong Ocbc
DVEW,Sti 3200 Mb Ecw190628
DVOW,Dlc Socgen5xlong Hkex
DVVW,Dlc Socgen5xshort Hkex
DWBW,Dlc Socgen5xshort Ccb
DWRW,Hsi 22000 Mb Epw190627
DXE,Sevak 1
DXMW,Dlc Socgen5xlong Ccb
DXUW,Dlc Socgen5xshort Yzj
DYAW,Dlc Socgen5xshort Hsbc
DZLW,Dlc Socgen5xlong Hsbc
E16,Elec & Eltek Int Co Ltd
E27,Eucon Holding Limited
E28,Frencken Group Limited
E3B,Wee Hur Holdings Ltd.
E5H,Golden Agri-resources Ltd
E6R,Samko Timber Limited
E8Z,Roxy-pacific Holdings Limited
E90,China Sky Chem Fibre Co. Ltd.
E9L,Joyas International Hldgs Ltd
EB5,First Resources Limited
EB7,Ktl Global Limited
EE6,Mercator Lines (singapore) Ltd
EG0,Jes International Holdings Ltd
EH5,United Overseas Australia Ltd
ENBW,Simsci 400 Mbl Ecw190930
ER0,Ksh Holdings Limited
ES3,Sti Etf
F03,Food Empire Holdings Limited
F10,F J Benjamin Holdings Ltd
F13,Fu Yu Corporation Ltd
F17,Guocoland Limited
F1E,Low Keng Huat (singapore) Ltd
F25U,Fortune Real Estate Inv Trust
F31,Fragrance Group Limited
F34,Wilmar International Limited
F3V,Sino Construction Limited
F83,Cosco Corporation (s) Ltd
F86,Cougar Logistics Corpn Ltd
F99,Fraser And Neave Limited
F9D,Boustead Singapore Limited
FIAW,China Real Estate W230726
FQ7,Jasper Investments Limited
FQ8,China Sports Intl Limited
G07,Great Eastern Hldgs Ltd
G0I,Nam Lee Pressed Metal Inds Ltd
G11,Global Tech (hldgs) Limited
G13,Genting Singapore Plc
G1N,Lyxor Etf Msci India 10
G20,Gp Industries Limited
G3B,Dbs Singapore Sti Etf
G41,G. K. Goh Holdings Limited
G50,Grand Banks Yachts Limited
G54,China Essence Group Ltd.
G92,China Aviation Oil(s) Corp Ltd
GACW,S&p500 2400 Mb Epw190920
GDEW,Dlc Socgen7xlongmsg 220225
GNLW,Thomson Med Grp Ltdw220424
GSTW,S&p500 2850 Mb Ecw190920
GU5,China Kunda Tech Holdings Ltd
GWKW,Dbs Mb Epw190730
GXVW,Tencenthld Mb Epw190926
GXYW,Ezion Holdings Limitedw200412
H02,Haw Par Corp Ltd
H07,Stamford Land Corporation Ltd
H12,Hotel Royal Ltd
H13,Ho Bee Investment Limited
H15,Hotel Properties Ltd
H16,Huan Hsin Holdings Ltd
H17,Hi-p International Limited
H18,Hotel Grand Central Ltd
H19,Hwa Hong Corporation Limited
H1N,Lyxor Etf Msci Emerging Mkt 10
H20,Hoe Leong Corporation Ltd.
H22,Hong Leong Asia Ltd.
H30,Hong Fok Corporation Ltd
H78,Hongkong Land Holdings Limited
HBXW,Uob Mb Ecw200107
HD6,Dbxt S&p 500 Short Etf 10
HD7,Dbxt Msci Taiwan Etf 10
HD8,Dbxt Ft China 25 Etf 10
HD9,Dbxt Ftse Vietnam Etf 10
HE0,Dbxt S&p Cnx Nifty Etf 10
HGWW,Hsi 32600 Ubecw190627
HNTW,Simsci 340mbepw191231
i06,Intraco Limited
i07,Isdn Holdings Limited
i11,Ipco Int'l Limited
i15,Isetan (singapore) Ltd
i26,Inno-pacific Holdings Ltd
i49,Ifs Capital Limited
I5H,Great Group Holdings Limited
I98,Is Msci India 100
I9T,Ziwo Holdings Ltd.
IBSW,Dbs Mb Epw191202
IEEW,Hsi 25800 Ubepw190627
IH0,Dbxt Euro Stoxx 50 Etf 10
IH1,Dbxt Msci Asia Ex Japan Etf 10
IH2,Dbxt Msci Korea Etf 10
IH3,Dbxt Msci Europe Etf 10
IPKW,S&p500 2600 Mb Epw191220
IW5,Seroja Investments Limited
IWKW,Envictus Intl Holdings W221128
IX2,Pec Ltd.
J03,Jadason Enterprises Ltd
J0O,Dbxt Msci Brazil Trn Etf 10
J0P,Dbxt Msci World Trn Etf 10
J0Q,Dbxt Msci Pacific Exjap Etf 10
J0R,Dbxt Msci Russia Cap 25 Etf 10
J17,Jackspeed Corporation Limited
J18,China Jishan Holdings Limited
J2T,Hock Lian Seng Holdings Ltd
J36,Jardine Matheson Hldgs Ltd
J37,Jardine Strategic Hldgs Ltd
J69U,Frasers Centrepoint Trust
J85,Cdl Hospitality Trusts
J91U,Cambridge Industrial Trust
JK8,United Sse 50 China Etf
JLB,Grand Venture Technology Ltd
JPPW,Hsi 31000 Mbecw190627
JRCB,Firstsponsor3.98%s2pccs#
JYIW,Dlc Socgen7xlonghsi 210723
K03,Khong Guan Flour Milling Ltd
K1Q,Ttj Holdings Limited
K22,Kian Ho Bearings Ltd
K29,Karin Technology Hldgs Limited
K2LU,Cache Logistics Trust
K3CD,China Eastern Air Adr 10
K3DD,Sinopec Petrochemical Adr 10
K3ED,China Telecom Adr 10
K3FD,Huaneng Power Intl Adr 10
K3HD,Aluminum Corp Of China Adr 10
K3ID,China Unicom Hk Ltd Adr 10
K3JD,Changyou.com Adr 10
K3MD,Netease.com Adr 10
K3OD,Petrochina Adr 10
K3PD,Chinamobile Adr 10
K3RD,Ctrip.com International Adr 10
K3SD,Baidu.com Adr 10
K3TD,China Southern Air Adr 10
K6K,Dbxt S&p500 Etf 10
K6S,Prudential Plc
K71U,K-reit Asia
K75,Koh Brothers Group Limited
KDVW,Dlc Socgen7xlonghsi 220225
KF8,Dbxt Msci Usa Etf 10
KFVW,Nikkei225 18000 Mb Epw190913
KHDW,Koh Brothers Eco Engg W230925
KI3,Hu An Cable Holdings Ltd.
KJ5,Bbr Holdings (s) Ltd
KJ7,Dbxt Msci Indonesia Etf 10
KNPW,Hsi 25800 Ubecw190627
KREW,Wilmar Mb Ecw190801
KT3,Dbxt Stoxx Glob Div 100 Etf 10
KT4,Dbxt Csi300 Etf 10
KT9,Qingmei Group Holdings Limited
KTAW,Hsi 28400 Mbecw190829
KUH,Tsh Corporation Ltd
KUO,International Cement Groupltd.
KUX,Dlf Holdings Limited
KV4,Dbxt Iboxx Singapore Etf 5
KXWW,Ocbc Bk Mb Ecw191202
L02,Manhattan Resources Limited
L03,Lian Beng Group Ltd
L09,Lung Kee (bermuda) Hldgs Ltd
L19,Lum Chang Holdings Limited
L23,Enviro-hub Holdings Ltd
L38,L.c.development Ltd
L46,Luzhou Bio-chem Technology Ltd
L5I,Abterra Ltd
LAFW,Hsi 30000 Mbecw190627
LELW,Hsi 26000 Mb Epw190627
LF1,Dbxt S&p/asx 200 Etf 10
LF2,Dbxt Msci Japan Trn Etf 10
LG6,Dbxt Msci Malaysia Trn Etf 10
LG7,Dbxt Msci Thailand Trn Etf 10
LG8,Dbxt Msci India Trn Etf 10
LG9,Dbxt Msci China Trn Etf 10
LIW,Eagle Hospitality Trust
LJ3,Overseas Union Enterprise Ltd
LJIW,Uob Mb Epw190729
LRGW,Sti 2900 Mb Epw190628
LS9,Leader Environmental Tech Ltd
LSHS,N519100a 240201
LSOW,Venture Mb Ecw200302
LUY,Raffles Infrastructurehldgsltd
LYVW,Ocbc Bk Mb Ecw200102
M01,Metro Holdings Limited
M03,Miyoshi Precision Limited
M04,Mandarin Oriental Intl Ltd
M05,Mtq Corporation Limited
M11,Mfg Integration Technology Ltd
M14,Innotek Limited
M15,Matex International Limited
M1GU,Sabana Shari'ah Compliant Reit
M1Z,Tee International Limited
M30,Meghmani Organics Limited
M44U,Mapletree Logistics Trust
M62,Cimb Ftse Asean40 100
MBH,Nikkoam Sgd Ig Corp Bond Etf
MBPW,Hsi 28000 Mbepw190627
ME8U,Mapletree Industrial Trust
MF6,Mun Siong Engineering Limited
MIJ,Alliance Healthcare Group Ltd
MJWW,Hsi28000mbepw190927
MMVW,Dbs Mb Ecw191209
MNKW,Hsi26200mbepw190829
MPSW,Hsi 25800 Mbepw190730
MR7,Nordic Group Limited
MR8,Novo Group Ltd.
MT1,Dragon Group Intl Limited
MTSW,Hsi 28400 Mbepw190730
MU7,Dbs S$800m 4.7% Ncps
MV4,Mewah International Inc.
MVWW,Yangzijiang Mb Ecw190701
MWOW,Dbs Mb Ecw191230
N01,Neratelecommunications Ltd
N02,Nsl Ltd.
N08,New Toyo Int Hldgs Ltd
N0Z,Combine Will Intl Hldgs Ltd
N14,M Development Ltd.
N2E,Dbxt Msci Philippines Etf 10
N2H,Hyflux 6% Cum Pref Class A 10
N2IU,Mapletree Commercial Trust
N32,Nippecraft Limited
N33,Nomura Holdings Inc
N4E,Nam Cheong Limited
N5YD,Mufj Financial Adr 10
N6DD,Mizuho Financial Adr 10
N6FD,Toyota Motor Adr 10
N6M,Ishares Usd Asia Bond Etf
NC2,Sri Trang Agro-industry Pcl
ND8U,Frasers Commercial Trust
NEX,Reclaims Global Limited
NKNW,Mdr Limited W210617
NO4,Dyna-mac Holdings Ltd.
NPW,Malaysia Smelting Corp Bhd
NR7,Raffles Education Corp Ltd
NRRW,Uob Mb Ecw191007
NS8U,Hutchison Port Holdings Trust
NYXW,Dbs Mb Epw200109
O08,Ossia International Ltd
O10,Orchard Parade Holdings Ltd
O2I,Avic Intl Investments Limited
O32,Olam International Limited
O39,Oversea-chinese Banking Corp
O5RU,Aims Amp Cap Industrial Reit
O6Z,Lonza Group Ltd
O87,Spdr Gold Shares
O9A,Dbxt Msci Singapore Im Etf 10
O9C,Dbxt Msci Bangladesh Im Etf 10
O9D,Dbxt Msci Pakistan Im Etf 10
O9E,Parkson Retail Asia Limited
O9P,Ishares Usd Asia Hy Bond Etf
OAJ,Fortress Minerals Limited
OL9S,Nz10100f 300901
OM0S,Nx11100x 210601
OMK,Vividthree Holdings Ltd.
OQOW,Sti 3400 Mb Ecw191231
OTX,Medinex Limited
OU8,Centurion Corporation Limited
OUOW,Ocbc Bk Mb Ecw190701
OV8,Sheng Siong Group Ltd
OVQ,Phillip Sing Income Etf
OYY,Propnex Limited
P11,Pacific Andes Resources Devltd
P15,Pacific Century Regional Devts
P34,Petra Foods Limited
P36,Pan Hong Property Group Ltd
P40U,Starhill Global Reit
P52,Pan-united Corporation Ltd
P58,Lyxor China H 10
P5P,Cimb S&p Asia Pacific Dividend
P60,Lyxor Asia 10
P74,China Kangda Food Company Ltd
P7VU,Hutchison Port Hldgs Trust S$
P8A,Cordlife Group Limited
P8Z,Bumitama Agri Ltd.
P9D,Civmec Limited
PA3,Ta Corporation Ltd
PFDW,Uob Mb Epw190730
PFYW,Vallianz W191226
PH0,Hatten Land
PH1S,Na12100n 420202
PU6D,Hsbc Adr 10
Q01,Qaf Ltd
Q0F,Ihh Healthcare Berhad
Q0X,Ultro Technologies Limited
Q1P,Ascendas Hospitality Trust
Q5T,Far East Hospitality Trust
QC7,Q & M Dental Group (s) Limited
QDGW,Kepcorp Mb Ecw190701
QF6,Swee Hong Limited
QK9,Is Msci India 100 S$
QL2,Ishares Usd Asia Bond Etf S$
QL3,Ishares Usd Asia Hy Bond Etfs$
QNHW,First Sponsor W240530
QR9,Cimb S&p Asia Pac Dividend S$
QS0,Cimb Ft Asean 40 100 S$
QS9,Radiance Group Limited
QSXW,Uob Mb Ecw200102
R14,Ramba Energy Limited
R1MS,Nx13100h 230701
R1NS,Nz13100v 330901
RC5,Triyards Holdings Limited
RCU,Revez
RE4,Geo Energy Resources Limited
RF1U,Religare Health Trust
RF7,Gaylin Holdings Limited
RMRB,Astrea Iv S$242m4.35%b280614
ROKW,Xiaomi Mb Ecw200103
RQ1,Overseas Education Limited
RS1,China Environmental Res Gp Ltd
RTRW,Uob Mb Epw191202
RW0U,Mapletree Greater Chinacomm Tr
S07,Shangri-la Asia Limited
S08,Singapore Post Limited
S19,Singapore Shipping Corp Ltd
S20,Straits Trading Co. Ltd
S23,Singapura Finance Ltd
S27,Spdr S&p 500 Etf Trust
S29,Stamford Tyres Corporationltd
S2D,Tosei Corporation
S35,Sing Investments & Finance Ltd
S3N,Okh Global Ltd.
S41,Hong Leong Finance Limited
S44,Engro Corporation Limited
S45U,Singapore Index Fund
S46,San Teh Limited
S49,Singapore Reinsurance Cor Ltd
S51,Sembcorp Marine Ltd
S56,Samudera Shipping Line Ltd
S58,Sats Ltd.
S59,Sia Engineering Co Ltd
S61,Sbs Transit Ltd
S63,Singapore Tech Engineering Ltd
S68,Singapore Exchange Limited
S69,Serial System Ltd
S71,Sunright Ltd
S7OU,Asian Pay Television Trust
S7P,Soilbuild Construction Grp Ltd
S85,Straco Corporation Limited
S91,Chinavision Media Grp Limited
S9B,Tee Land Limited
SCFW,Capitaland Mb Ecw200106
SHGW,Singtel Mb Ecw200406
SJY,Megroup Ltd.
SK3,Krisenergy Ltd.
SK6U,Sph Reit
SK7,Oue Hospitality Trust
SO7,Yangzijiang Shipbldg Hldgs Rmb
SQ1B,Sia S$750m 3.03% B 240328
SQZW,S&p500 2650 Mb Ecw190621
STP,Silkroad Nickel Ltd.
SV3U,Soilbuild Business Space Reit
SYNW,Nikkei225 21000 Mb Epw190913
T09,Tt International Limited
T12,Tat Seng Packaging Group Ltd
T13,Rh Petrogas Limited
T14,Tianjin Zhong Xin Pharm Group
T15,Tan Chong Int'l Ltd
T18,Tpv Technology Limited
T19,Transview Holdings Limited
T24,Tuan Sing Holdings Limited
T39,Singapore Press Hldgs Ltd
T41,Telechoice International Ltd
T43,Techcomp (holdings) Limited
T4B,Sino Grandness Food Ind Gp Ltd
T55,Transpac Industrial Hldgs Ltd
T6I,Valuemax Group Limited
T82U,Suntec Real Estate Inv Trust
T8FS,Ny14100e 290701
T8GS,N514100h 191001
T8V,Pacific Radiance Ltd.
TEKB,Temasek S$500m 2.7% B 231025
TQ5,Frasers Centrepoint Limited
TQWW,Hsi27000mbepw190829
TS0U,Oue Commercial Reit
TSSW,Uob Mb Epw200107
TXSW,Ocbc Bk Mb Epw191202
TY6Z,Capitamalltrs$350m3.08%b210220
TYUW,Sembcorp Marine Mb Ecw191001
U04,United Engineers Ltd Ord
U05,United Engineers 7.5% Cum Pref
U06,United Industrial Corp Ltd
U09,Upp Holdings Limited
U10,Uob-kay Hian Holdings Limited
U11,United Overseas Bank Ltd
U13,United Overseas Insurance Ltd
U14,Uol Group Limited
U6C,Pacc Offshore Svcs Hldg Ltd.
U77,Sarin Technologies Ltd
U96,Sembcorp Industries Ltd
U9E,Hankore Environment Tec Grpltd
UBWW,Uob Mb Ecw200120
UD1U,Ireit Global
UD2,Japfa Ltd.
UEAW,Xiaomi Mb Epw200103
UMRW,Hsi 30400 Mbecw190730
UNAW,Sti 3100 Mb Epw191231
UPQW,Kepcorp Mbecw200601
UQ4,Emas Offshore Limited
UQXW,Ocbc Bk Mb Epw200302
URR,Sim Leisure Group Ltd.
UV1,Hisaka Holdings Ltd.
V01,Vicom Ltd
V03,Venture Corporation Limited
V2Y,Synagie Corporation Ltd.
V3M,Metech International Ltd
V6NW,Hsi30000mbecw190829
VFFW,Hsi 28000 Mbecw190730
VFP,China Medical (intl) Gp Ltd
VL6,Koufu Group Limited
VMDW,Hsi27200mbecw190730
VP7W,Hsi27800mbepw190829
VS8W,Hsi 27000 Mb Epw190627
VSUW,Hsi 32000 Mbecw190627
VVPW,Dbs Mb Ecw191007
VX2W,Uob Mb Ecw200106
W05,Wing Tai Hldgs Ltd
W4QW,Jcg W201029
WB6W,Hsi 25400 Mbepw190829
WJOW,Sembmar Mbecw200601
WPC,Vallianz Holdings Ltd
WQCW,Ocbc Bk Mb Ecw200302
WVQW,Hsi 28800 Mbecw190730
WWSR,Asl Mariner
X06,Sinopipe Holdings Limited
X9DW,Hsi 26800 Mbepw190730
XBOW,Tencenthld Mb Epw190702
XCF,Ktmg Limited
XLVW,Dbs Mb Ecw200109
XN8W,S&p500 2200 Mb Epw190621
XNRW,Simsci 320 Mbl Epw190930
XYGW,Kepcorp Mb Ecw191101
XZL,Ara Us Hospitality Trust
Y03,Yeo Hiap Seng Ltd
Y06,Youcan Foods International Ltd
Y2WW,Simsci 300 Mbl Epw190628
Y35,Sun East Group Limited
Y45,Singapore Windsor Holdings Ltd
Y92,Thai Beverage Public Co Ltd
YFMW,Tencenthld Mb Ecw190702
YN8W,Dbs Mb Epw190729
YOSW,Hsi 29000 Mbecw190627
YYB,Arion Entertainment Spore Ltd
Z25,Yanlord Land Group Limited
Z59,Yoma Strategic Holdings Ltd
Z74,Singtel
Z77,Singtel 10
ZX7W,Hsi 28200 Mbecw190627
ZXJW,Mdr Limited W191217
